article_index,Excluded?,coder_1,coder_2,coder_3,coder_4,notes
External Support NSAGs.01,0,KyraFox,dsolomon_ushmm,sascha.nanlohy,Jessmoody89,
External Support NSAGs.02,1,KyraFox,dsolomon_ushmm,sascha.nanlohy,Jessmoody89,
External Support NSAGs.03,0,KyraFox,dsolomon_ushmm,sascha.nanlohy,Jessmoody89,
External Support NSAGs.04,0,KyraFox,dsolomon_ushmm,sascha.nanlohy,Jessmoody89,
External Support NSAGs.05,0,KyraFox,dsolomon_ushmm,sascha.nanlohy,Jessmoody89,
External Support NSAGs.06,0,KyraFox,dsolomon_ushmm,sascha.nanlohy,Jessmoody89,
External Support NSAGs.07,0,KyraFox,dsolomon_ushmm,sascha.nanlohy,Jessmoody89,
External Support NSAGs.08,1,KyraFox,dsolomon_ushmm,sascha.nanlohy,Jessmoody89,
External Support NSAGs.09,1,KyraFox,dsolomon_ushmm,KyraFox,Jessmoody89,
External Support NSAGs.10,0,KyraFox,dsolomon_ushmm,sascha.nanlohy,Jessmoody89,
External Support NSAGs.11,0,KyraFox,dsolomon_ushmm,sascha.nanlohy,Jessmoody89,
External Support NSAGs.12,1,KyraFox,dsolomon_ushmm,sascha.nanlohy,Jessmoody89,
External Support NSAGs.13,1,KyraFox,dsolomon_ushmm,sascha.nanlohy,Jessmoody89,
External Support NSAGs.14,1,KyraFox,dsolomon_ushmm,KyraFox,Jessmoody89,
External Support NSAGs.15,0,KyraFox,dsolomon_ushmm,sascha.nanlohy,Jessmoody89,
External Support NSAGs.16,1,KyraFox,dsolomon_ushmm,sascha.nanlohy,Jessmoody89,
External Support NSAGs.17,0,KyraFox,dsolomon_ushmm,KyraFox,Jessmoody89,
External Support NSAGs.18,0,KyraFox,dsolomon_ushmm,sascha.nanlohy,Jessmoody89,
External Support NSAGs.19,0,KyraFox,dsolomon_ushmm,sascha.nanlohy,Jessmoody89,
External Support NSAGs.20,1,KyraFox,dsolomon_ushmm,sascha.nanlohy,Jessmoody89,
External Support NSAGs.21,1,KyraFox,dsolomon_ushmm,KyraFox,Jessmoody89,
External Support NSAGs.22,0,KyraFox,dsolomon_ushmm,sascha.nanlohy,Jessmoody89,
External Support NSAGs.23,1,KyraFox,dsolomon_ushmm,KyraFox,Jessmoody89,
External Support NSAGs.24,1,KyraFox,dsolomon_ushmm,sascha.nanlohy,Jessmoody89,
External Support NSAGs.25,1,KyraFox,dsolomon_ushmm,KyraFox,Jessmoody89,
External Support NSAGs.26,1,KyraFox,dsolomon_ushmm,tallandonine,sascha.nanlohy,
External Support NSAGs.27,0,KyraFox,dsolomon_ushmm,tallandonine,sascha.nanlohy,
External Support NSAGs.28,0,KyraFox,dsolomon_ushmm,tallandonine,sascha.nanlohy,
Fact-Finding.01,1,KyraFox,dsolomon_ushmm,,,
Fact-Finding.02,1,KyraFox,dsolomon_ushmm,Jessmoody89,Alexbhall,
Fact-Finding.03,1,KyraFox,dsolomon_ushmm,Jessmoody89,Alexbhall,
Fact-Finding.04,1,KyraFox,dsolomon_ushmm,Jessmoody89,Alexbhall,
Fact-Finding.05,1,KyraFox,dsolomon_ushmm,Jessmoody89,Alexbhall,
Fact-Finding.06,1,KyraFox,dsolomon_ushmm,Jessmoody89,Alexbhall,
Mediation.01,0,KyraFox,dsolomon_ushmm,sascha.nanlohy,Alexbhall,
Mediation.02,0,KyraFox,dsolomon_ushmm,sascha.nanlohy,Alexbhall,
Mediation.03,0,KyraFox,dsolomon_ushmm,sascha.nanlohy,Alexbhall,
Mediation.04,1,KyraFox,dsolomon_ushmm,sascha.nanlohy,Alexbhall,
Mediation.05,0,KyraFox,dsolomon_ushmm,sascha.nanlohy,Alexbhall,
Mediation.06,0,KyraFox,dsolomon_ushmm,sascha.nanlohy,Alexbhall,
Mediation.07,0,KyraFox,dsolomon_ushmm,Jessmoody89,Alexbhall,
Mediation.08,1,KyraFox,dsolomon_ushmm,sascha.nanlohy,Alexbhall,
Mediation.09,0,KyraFox,dsolomon_ushmm,sascha.nanlohy,Alexbhall,
Mediation.10,0,KyraFox,dsolomon_ushmm,sascha.nanlohy,Alexbhall,
Mediation.11,0,KyraFox,dsolomon_ushmm,sascha.nanlohy,Alexbhall,
Mediation.12,0,KyraFox,dsolomon_ushmm,sascha.nanlohy,Alexbhall,
Mediation.13,0,KyraFox,dsolomon_ushmm,sascha.nanlohy,Alexbhall,
Mediation.14,0,KyraFox,dsolomon_ushmm,sascha.nanlohy,Alexbhall,
Mediation.15,0,KyraFox,dsolomon_ushmm,sascha.nanlohy,Alexbhall,
Mediation.16,0,KyraFox,dsolomon_ushmm,sascha.nanlohy,Alexbhall,
Mediation.17,0,KyraFox,dsolomon_ushmm,sascha.nanlohy,Alexbhall,
Mediation.18,0,KyraFox,dsolomon_ushmm,sascha.nanlohy,Alexbhall,
Mediation.19,0,KyraFox,dsolomon_ushmm,sascha.nanlohy,Alexbhall,
Mediation.20,0,KyraFox,dsolomon_ushmm,sascha.nanlohy,Alexbhall,
Mediation.21,0,KyraFox,dsolomon_ushmm,Jessmoody89,Alexbhall,
Mediation.22,0,KyraFox,dsolomon_ushmm,Jessmoody89,Alexbhall,
Mediation.23,0,KyraFox,dsolomon_ushmm,Jessmoody89,Alexbhall,
Mediation.24,0,KyraFox,dsolomon_ushmm,sascha.nanlohy,Alexbhall,
Mediation.25,0,KyraFox,dsolomon_ushmm,sascha.nanlohy,Alexbhall,
Mediation.26,0,KyraFox,dsolomon_ushmm,Alexbhall,Jessmoody89,
Mediation.27,0,KyraFox,dsolomon_ushmm,Alexbhall,Jessmoody89,
Mediation.28,0,KyraFox,dsolomon_ushmm,Alexbhall,Jessmoody89,
Mediation.29,0,KyraFox,dsolomon_ushmm,sascha.nanlohy,Alexbhall,
Mediation.30,0,KyraFox,dsolomon_ushmm,Alexbhall,Jessmoody89,
Mediation.31,0,KyraFox,dsolomon_ushmm,Alexbhall,Jessmoody89,
Mediation.32,0,KyraFox,dsolomon_ushmm,sascha.nanlohy,Alexbhall,
Mediation.33,0,KyraFox,dsolomon_ushmm,sascha.nanlohy,Jessmoody89,
Mediation.34,0,KyraFox,dsolomon_ushmm,sascha.nanlohy,Jessmoody89,
Mediation.35,0,KyraFox,dsolomon_ushmm,sascha.nanlohy,Jessmoody89,
Mediation.36,0,KyraFox,dsolomon_ushmm,sascha.nanlohy,Jessmoody89,
Mediation.37,0,KyraFox,dsolomon_ushmm,Alexbhall,Jessmoody89,
Mediation.38,1,KyraFox,dsolomon_ushmm,sascha.nanlohy,Jessmoody89,
Mediation.39,0,KyraFox,dsolomon_ushmm,sascha.nanlohy,Jessmoody89,
Mediation.40,0,KyraFox,dsolomon_ushmm,Alexbhall,Jessmoody89,
Mediation.41,0,KyraFox,dsolomon_ushmm,Alexbhall,Jessmoody89,
Mediation.42,1,KyraFox,dsolomon_ushmm,,,
Mediation.43,1,KyraFox,dsolomon_ushmm,KyraFox,sascha.nanlohy,
Mediation.44,0,KyraFox,dsolomon_ushmm,KyraFox,sascha.nanlohy,
Mediation.45,0,KyraFox,dsolomon_ushmm,Alexbhall,Jessmoody89,
Mediation.46,0,KyraFox,dsolomon_ushmm,KyraFox,sascha.nanlohy,
Mediation.47,0,KyraFox,dsolomon_ushmm,Alexbhall,Jessmoody89,
Mediation.48,0,KyraFox,dsolomon_ushmm,Alexbhall,Jessmoody89,
Mediation.49,0,KyraFox,dsolomon_ushmm,KyraFox,sascha.nanlohy,
Mediation.50,0,KyraFox,dsolomon_ushmm,KyraFox,sascha.nanlohy,
Mediation.51,0,KyraFox,dsolomon_ushmm,KyraFox,sascha.nanlohy,
Mediation.52,0,KyraFox,dsolomon_ushmm,KyraFox,sascha.nanlohy,
Mediation.53,0,KyraFox,dsolomon_ushmm,Alexbhall,Jessmoody89,
Mediation.54,0,KyraFox,dsolomon_ushmm,KyraFox,sascha.nanlohy,
Mediation.55,0,KyraFox,dsolomon_ushmm,KyraFox,sascha.nanlohy,
Mediation.56,0,KyraFox,dsolomon_ushmm,KyraFox,sascha.nanlohy,
Mediation.57,1,KyraFox,dsolomon_ushmm,KyraFox,sascha.nanlohy,
Mediation.58,0,KyraFox,dsolomon_ushmm,Alexbhall,Jessmoody89,
Mediation.59,1,KyraFox,dsolomon_ushmm,sascha.nanlohy,Jessmoody89,
Mediation.60,0,KyraFox,dsolomon_ushmm,Alexbhall,Jessmoody89,
Mediation.61,1,KyraFox,dsolomon_ushmm,Alexbhall,Jessmoody89,
Mediation.62,0,KyraFox,dsolomon_ushmm,Alexbhall,Jessmoody89,
Mediation.63,0,KyraFox,dsolomon_ushmm,Alexbhall,Jessmoody89,
Mediation.64,0,KyraFox,dsolomon_ushmm,sascha.nanlohy,Jessmoody89,
Mediation.65,1,KyraFox,dsolomon_ushmm,Alexbhall,Jessmoody89,
Mediation.66,1,KyraFox,dsolomon_ushmm,sascha.nanlohy,Jessmoody89,
Mediation.67,0,KyraFox,dsolomon_ushmm,Alexbhall,Jessmoody89,
Mediation.68,0,KyraFox,dsolomon_ushmm,Alexbhall,Jessmoody89,
Mediation.69,1,KyraFox,dsolomon_ushmm,Alexbhall,Jessmoody89,
Mediation.70,1,KyraFox,dsolomon_ushmm,Alexbhall,Jessmoody89,
Naming and Shaming.01,0,KyraFox,dsolomon_ushmm,KyraFox,Alexbhall,
Naming and Shaming.02,0,KyraFox,dsolomon_ushmm,dsolomon_ushmm,Alexbhall,
Naming and Shaming.03,0,KyraFox,dsolomon_ushmm,dsolomon_ushmm,Alexbhall,
Naming and Shaming.04,0,KyraFox,dsolomon_ushmm,dsolomon_ushmm,Alexbhall,
Naming and Shaming.05,1,KyraFox,dsolomon_ushmm,dsolomon_ushmm,Alexbhall,
Naming and Shaming.06,0,KyraFox,dsolomon_ushmm,dsolomon_ushmm,Alexbhall,
Naming and Shaming.07,0,KyraFox,dsolomon_ushmm,dsolomon_ushmm,Alexbhall,
Naming and Shaming.08,0,KyraFox,dsolomon_ushmm,dsolomon_ushmm,Alexbhall,
Naming and Shaming.09,0,KyraFox,dsolomon_ushmm,dsolomon_ushmm,Alexbhall,
Naming and Shaming.10,0,KyraFox,dsolomon_ushmm,dsolomon_ushmm,Alexbhall,
Naming and Shaming.11,0,KyraFox,dsolomon_ushmm,dsolomon_ushmm,Alexbhall,
Naming and Shaming.12,0,KyraFox,dsolomon_ushmm,dsolomon_ushmm,Alexbhall,
Naming and Shaming.13,0,KyraFox,dsolomon_ushmm,KyraFox,Alexbhall,
Naming and Shaming.14,0,KyraFox,dsolomon_ushmm,KyraFox,Alexbhall,
Naming and Shaming.15,0,KyraFox,dsolomon_ushmm,dsolomon_ushmm,Alexbhall,
Naming and Shaming.16,0,KyraFox,dsolomon_ushmm,dsolomon_ushmm,Alexbhall,
Naming and Shaming.17,1,KyraFox,dsolomon_ushmm,dsolomon_ushmm,Alexbhall,
Naming and Shaming.18,0,KyraFox,dsolomon_ushmm,dsolomon_ushmm,Alexbhall,
Naming and Shaming.19,0,KyraFox,dsolomon_ushmm,dsolomon_ushmm,Alexbhall,
Naming and Shaming.20,0,KyraFox,dsolomon_ushmm,dsolomon_ushmm,Alexbhall,
Naming and Shaming.21,0,KyraFox,dsolomon_ushmm,dsolomon_ushmm,Alexbhall,
Peace Ops.001,0,KyraFox,dsolomon_ushmm,Alexbhall,Jessmoody89,
Peace Ops.002,0,KyraFox,dsolomon_ushmm,Alexbhall,sascha.nanlohy,
Peace Ops.003,0,KyraFox,dsolomon_ushmm,Alexbhall,sascha.nanlohy,
Peace Ops.004,0,KyraFox,dsolomon_ushmm,Alexbhall,sascha.nanlohy,
Peace Ops.005,0,KyraFox,dsolomon_ushmm,Jessmoody89,Alexbhall,
Peace Ops.006,0,KyraFox,dsolomon_ushmm,Jessmoody89,Alexbhall,
Peace Ops.007,0,KyraFox,dsolomon_ushmm,Alexbhall,sascha.nanlohy,
Peace Ops.008,0,KyraFox,dsolomon_ushmm,Alexbhall,sascha.nanlohy,
Peace Ops.009,0,KyraFox,dsolomon_ushmm,Alexbhall,sascha.nanlohy,
Peace Ops.010,0,KyraFox,dsolomon_ushmm,Alexbhall,sascha.nanlohy,
Peace Ops.011,0,KyraFox,dsolomon_ushmm,Alexbhall,sascha.nanlohy,
Peace Ops.012,0,KyraFox,dsolomon_ushmm,Alexbhall,sascha.nanlohy,
Peace Ops.013,0,KyraFox,dsolomon_ushmm,Alexbhall,sascha.nanlohy,
Peace Ops.014,1,KyraFox,dsolomon_ushmm,Alexbhall,Jessmoody89,
Peace Ops.015,0,KyraFox,dsolomon_ushmm,Alexbhall,sascha.nanlohy,
Peace Ops.016,0,KyraFox,dsolomon_ushmm,Alexbhall,sascha.nanlohy,
Peace Ops.017,0,KyraFox,dsolomon_ushmm,Alexbhall,sascha.nanlohy,
Peace Ops.018,1,KyraFox,dsolomon_ushmm,Alexbhall,Jessmoody89,
Peace Ops.019,0,KyraFox,dsolomon_ushmm,Alexbhall,sascha.nanlohy,
Peace Ops.020,0,KyraFox,dsolomon_ushmm,Alexbhall,sascha.nanlohy,
Peace Ops.021,0,KyraFox,dsolomon_ushmm,Alexbhall,sascha.nanlohy,
Peace Ops.022,0,KyraFox,dsolomon_ushmm,Alexbhall,sascha.nanlohy,
Peace Ops.023,0,KyraFox,dsolomon_ushmm,Alexbhall,Jessmoody89,
Peace Ops.024,0,KyraFox,dsolomon_ushmm,Alexbhall,sascha.nanlohy,
Peace Ops.025,0,KyraFox,dsolomon_ushmm,Alexbhall,sascha.nanlohy,
Peace Ops.026,0,KyraFox,dsolomon_ushmm,Alexbhall,sascha.nanlohy,
Peace Ops.027,0,KyraFox,dsolomon_ushmm,Alexbhall,sascha.nanlohy,
Peace Ops.028,0,KyraFox,dsolomon_ushmm,Alexbhall,sascha.nanlohy,
Peace Ops.029,1,KyraFox,dsolomon_ushmm,Alexbhall,Jessmoody89,
Peace Ops.030,1,KyraFox,dsolomon_ushmm,Alexbhall,sascha.nanlohy,
Peace Ops.031,1,KyraFox,dsolomon_ushmm,Alexbhall,sascha.nanlohy,
Peace Ops.032,0,KyraFox,dsolomon_ushmm,Alexbhall,sascha.nanlohy,
Peace Ops.033,0,KyraFox,dsolomon_ushmm,Alexbhall,sascha.nanlohy,
Peace Ops.034,0,KyraFox,dsolomon_ushmm,Alexbhall,sascha.nanlohy,
Peace Ops.035,1,KyraFox,dsolomon_ushmm,Alexbhall,sascha.nanlohy,
Peace Ops.036,0,KyraFox,dsolomon_ushmm,Alexbhall,sascha.nanlohy,
Peace Ops.037,0,KyraFox,dsolomon_ushmm,Alexbhall,sascha.nanlohy,
Peace Ops.038,1,KyraFox,dsolomon_ushmm,Alexbhall,Jessmoody89,
Peace Ops.039,1,KyraFox,dsolomon_ushmm,Alexbhall,Jessmoody89,
Peace Ops.040,0,KyraFox,dsolomon_ushmm,Alexbhall,Jessmoody89,
Peace Ops.041,1,KyraFox,dsolomon_ushmm,Alexbhall,Jessmoody89,
Peace Ops.042,0,KyraFox,dsolomon_ushmm,Alexbhall,sascha.nanlohy,
Peace Ops.043,0,KyraFox,dsolomon_ushmm,Alexbhall,sascha.nanlohy,
Peace Ops.044,0,KyraFox,dsolomon_ushmm,Alexbhall,Jessmoody89,
Peace Ops.045,0,KyraFox,dsolomon_ushmm,Alexbhall,Jessmoody89,
Peace Ops.046,0,KyraFox,dsolomon_ushmm,Alexbhall,Jessmoody89,
Peace Ops.047,0,KyraFox,dsolomon_ushmm,Alexbhall,sascha.nanlohy,
Peace Ops.048,1,KyraFox,dsolomon_ushmm,Alexbhall,Jessmoody89,
Peace Ops.049,0,KyraFox,dsolomon_ushmm,Alexbhall,Jessmoody89,
Peace Ops.050,0,KyraFox,dsolomon_ushmm,Alexbhall,sascha.nanlohy,
Peace Ops.051,0,KyraFox,dsolomon_ushmm,Alexbhall,Jessmoody89,
Peace Ops.052,0,KyraFox,dsolomon_ushmm,Alexbhall,Jessmoody89,
Peace Ops.053,0,KyraFox,dsolomon_ushmm,Alexbhall,Jessmoody89,
Peace Ops.054,0,KyraFox,dsolomon_ushmm,Alexbhall,sascha.nanlohy,
Peace Ops.055,0,KyraFox,dsolomon_ushmm,Alexbhall,sascha.nanlohy,
Peace Ops.056,0,KyraFox,dsolomon_ushmm,Alexbhall,sascha.nanlohy,
Peace Ops.057,1,KyraFox,dsolomon_ushmm,Alexbhall,Jessmoody89,
Peace Ops.058,0,KyraFox,dsolomon_ushmm,Alexbhall,Jessmoody89,
Peace Ops.059,0,KyraFox,dsolomon_ushmm,Alexbhall,sascha.nanlohy,
Peace Ops.060,0,KyraFox,dsolomon_ushmm,Alexbhall,sascha.nanlohy,
Peace Ops.061,0,KyraFox,dsolomon_ushmm,Alexbhall,Jessmoody89,
Peace Ops.062,0,KyraFox,dsolomon_ushmm,Alexbhall,Jessmoody89,
Peace Ops.063,0,KyraFox,dsolomon_ushmm,Alexbhall,Jessmoody89,
Peace Ops.064,0,KyraFox,dsolomon_ushmm,Alexbhall,Jessmoody89,
Peace Ops.065,0,KyraFox,dsolomon_ushmm,Alexbhall,sascha.nanlohy,
Peace Ops.066,0,KyraFox,dsolomon_ushmm,Alexbhall,Jessmoody89,
Peace Ops.067,0,KyraFox,dsolomon_ushmm,Alexbhall,sascha.nanlohy,
Peace Ops.068,0,KyraFox,dsolomon_ushmm,Alexbhall,Jessmoody89,
Peace Ops.069,0,KyraFox,dsolomon_ushmm,Alexbhall,Jessmoody89,
Peace Ops.070,0,KyraFox,dsolomon_ushmm,Alexbhall,sascha.nanlohy,
Peace Ops.071,1,KyraFox,dsolomon_ushmm,Alexbhall,Jessmoody89,
Peace Ops.072,0,KyraFox,dsolomon_ushmm,Alexbhall,Jessmoody89,
Peace Ops.073,1,KyraFox,dsolomon_ushmm,Alexbhall,Jessmoody89,
Peace Ops.074,0,KyraFox,dsolomon_ushmm,Alexbhall,sascha.nanlohy,
Peace Ops.075,0,KyraFox,dsolomon_ushmm,Alexbhall,sascha.nanlohy,
Peace Ops.076,0,KyraFox,dsolomon_ushmm,Alexbhall,sascha.nanlohy,
Peace Ops.077,0,KyraFox,dsolomon_ushmm,Alexbhall,sascha.nanlohy,
Peace Ops.078,0,KyraFox,dsolomon_ushmm,Alexbhall,sascha.nanlohy,
Peace Ops.079,1,KyraFox,dsolomon_ushmm,Alexbhall,sascha.nanlohy,
Peace Ops.080,0,KyraFox,dsolomon_ushmm,Alexbhall,sascha.nanlohy,
Peace Ops.081,0,KyraFox,dsolomon_ushmm,Alexbhall,sascha.nanlohy,
Peace Ops.082,1,KyraFox,dsolomon_ushmm,Alexbhall,sascha.nanlohy,
Peace Ops.083,0,KyraFox,dsolomon_ushmm,Alexbhall,sascha.nanlohy,
Peace Ops.084,0,KyraFox,dsolomon_ushmm,Alexbhall,Jessmoody89,
Peace Ops.085,0,KyraFox,dsolomon_ushmm,Alexbhall,Jessmoody89,
Peace Ops.086,1,KyraFox,dsolomon_ushmm,Alexbhall,Jessmoody89,
Peace Ops.087,1,KyraFox,dsolomon_ushmm,Alexbhall,Jessmoody89,
Peace Ops.088,0,KyraFox,dsolomon_ushmm,Alexbhall,sascha.nanlohy,
Peace Ops.089,0,KyraFox,dsolomon_ushmm,Alexbhall,sascha.nanlohy,
Peace Ops.090,0,KyraFox,dsolomon_ushmm,Alexbhall,sascha.nanlohy,
Peace Ops.091,0,KyraFox,dsolomon_ushmm,Alexbhall,sascha.nanlohy,
Peace Ops.092,0,KyraFox,dsolomon_ushmm,Alexbhall,sascha.nanlohy,
Peace Ops.093,0,KyraFox,dsolomon_ushmm,Alexbhall,Jessmoody89,
Peace Ops.094,0,KyraFox,dsolomon_ushmm,Alexbhall,Jessmoody89,
Peace Ops.095,0,KyraFox,dsolomon_ushmm,Alexbhall,Jessmoody89,
Peace Ops.096,1,KyraFox,dsolomon_ushmm,Alexbhall,sascha.nanlohy,
Peace Ops.097,0,KyraFox,dsolomon_ushmm,Alexbhall,sascha.nanlohy,
Peace Ops.098,0,KyraFox,dsolomon_ushmm,Alexbhall,Jessmoody89,
Peace Ops.099,0,KyraFox,dsolomon_ushmm,Alexbhall,sascha.nanlohy,
Peace Ops.100,0,KyraFox,dsolomon_ushmm,KyraFox,Alexbhall,
Peace Ops.101,0,KyraFox,dsolomon_ushmm,KyraFox,Alexbhall,
Peace Ops.102,1,KyraFox,dsolomon_ushmm,KyraFox,Alexbhall,
Peace Ops.103,0,KyraFox,dsolomon_ushmm,KyraFox,Alexbhall,
Peace Ops.104,1,KyraFox,dsolomon_ushmm,KyraFox,Alexbhall,
Peace Ops.105,1,KyraFox,dsolomon_ushmm,KyraFox,Alexbhall,
Peace Ops.106,1,KyraFox,dsolomon_ushmm,KyraFox,Alexbhall,
Peace Ops.107,0,KyraFox,dsolomon_ushmm,KyraFox,Alexbhall,
Peace Ops.108,0,KyraFox,dsolomon_ushmm,Alexbhall,sascha.nanlohy,
Peace Ops.109,0,KyraFox,dsolomon_ushmm,KyraFox,Alexbhall,
Peace Ops.110,0,KyraFox,dsolomon_ushmm,KyraFox,Alexbhall,
Peace Ops.111,0,KyraFox,dsolomon_ushmm,Alexbhall,sascha.nanlohy,
Peace Ops.112,1,KyraFox,dsolomon_ushmm,Alexbhall,sascha.nanlohy,
Peace Ops.113,1,KyraFox,dsolomon_ushmm,KyraFox,Alexbhall,
Peace Ops.114,0,KyraFox,dsolomon_ushmm,Alexbhall,sascha.nanlohy,
Peace Ops.115,0,KyraFox,dsolomon_ushmm,Jessmoody89,sascha.nanlohy,
Peace Ops.116,0,KyraFox,dsolomon_ushmm,Alexbhall,sascha.nanlohy,
Peace Ops.117,0,KyraFox,dsolomon_ushmm,Alexbhall,sascha.nanlohy,
Peace Ops.118,1,KyraFox,dsolomon_ushmm,Alexbhall,sascha.nanlohy,
Peace Ops.119,1,KyraFox,dsolomon_ushmm,KyraFox,sascha.nanlohy,
Peace Ops.120,1,KyraFox,dsolomon_ushmm,KyraFox,sascha.nanlohy,
Peace Ops.121,1,KyraFox,dsolomon_ushmm,KyraFox,sascha.nanlohy,
Peace Ops.122,1,KyraFox,dsolomon_ushmm,KyraFox,sascha.nanlohy,
Peace Ops.123,1,KyraFox,dsolomon_ushmm,KyraFox,sascha.nanlohy,
Peace Ops.124,0,KyraFox,dsolomon_ushmm,dsolomon_ushmm,tallandonine,
Peace Ops.125,0,KyraFox,dsolomon_ushmm,dsolomon_ushmm,tallandonine,
Peace Ops.126,0,KyraFox,dsolomon_ushmm,dsolomon_ushmm,dsolomon_ushmm,
Prosecutions.01,0,KyraFox,dsolomon_ushmm,Jessmoody89,Alexbhall,
Prosecutions.02,0,KyraFox,dsolomon_ushmm,Jessmoody89,Alexbhall,
Prosecutions.03,0,KyraFox,dsolomon_ushmm,Jessmoody89,Alexbhall,
Prosecutions.04,0,KyraFox,dsolomon_ushmm,Jessmoody89,sascha.nanlohy,
Prosecutions.05,1,KyraFox,dsolomon_ushmm,Jessmoody89,sascha.nanlohy,
Prosecutions.06,0,KyraFox,dsolomon_ushmm,Jessmoody89,sascha.nanlohy,
Prosecutions.07,0,KyraFox,dsolomon_ushmm,Jessmoody89,sascha.nanlohy,
Prosecutions.08,0,KyraFox,dsolomon_ushmm,Jessmoody89,sascha.nanlohy,
Prosecutions.09,1,KyraFox,dsolomon_ushmm,Jessmoody89,sascha.nanlohy,
Prosecutions.10,0,KyraFox,dsolomon_ushmm,Jessmoody89,sascha.nanlohy,
Prosecutions.11,0,KyraFox,dsolomon_ushmm,Jessmoody89,sascha.nanlohy,
Prosecutions.12,0,KyraFox,dsolomon_ushmm,Jessmoody89,sascha.nanlohy,
Prosecutions.13,0,KyraFox,dsolomon_ushmm,Jessmoody89,sascha.nanlohy,
Prosecutions.14,0,KyraFox,dsolomon_ushmm,Jessmoody89,sascha.nanlohy,
Prosecutions.15,0,KyraFox,dsolomon_ushmm,Jessmoody89,sascha.nanlohy,
Prosecutions.16,0,KyraFox,dsolomon_ushmm,Jessmoody89,sascha.nanlohy,
Prosecutions.17,0,KyraFox,dsolomon_ushmm,Jessmoody89,sascha.nanlohy,
Prosecutions.18,0,KyraFox,dsolomon_ushmm,Jessmoody89,sascha.nanlohy,
Prosecutions.19,1,KyraFox,dsolomon_ushmm,Jessmoody89,sascha.nanlohy,
Prosecutions.20,0,KyraFox,dsolomon_ushmm,Jessmoody89,sascha.nanlohy,
Prosecutions.21,0,KyraFox,dsolomon_ushmm,Jessmoody89,sascha.nanlohy,
Prosecutions.22,0,KyraFox,dsolomon_ushmm,Jessmoody89,sascha.nanlohy,
Prosecutions.23,0,KyraFox,dsolomon_ushmm,Jessmoody89,sascha.nanlohy,
Prosecutions.24,1,KyraFox,dsolomon_ushmm,Jessmoody89,sascha.nanlohy,
Prosecutions.25,0,KyraFox,dsolomon_ushmm,Jessmoody89,sascha.nanlohy,
Prosecutions.26,1,KyraFox,dsolomon_ushmm,Jessmoody89,sascha.nanlohy,
Prosecutions.27,0,KyraFox,dsolomon_ushmm,Jessmoody89,sascha.nanlohy,
Prosecutions.28,0,KyraFox,dsolomon_ushmm,Jessmoody89,sascha.nanlohy,
Prosecutions.29,0,KyraFox,dsolomon_ushmm,Jessmoody89,sascha.nanlohy,
Prosecutions.30,0,KyraFox,dsolomon_ushmm,Jessmoody89,sascha.nanlohy,
Prosecutions.31,0,KyraFox,dsolomon_ushmm,Jessmoody89,sascha.nanlohy,
Prosecutions.32,0,KyraFox,dsolomon_ushmm,Jessmoody89,sascha.nanlohy,
Prosecutions.33,0,KyraFox,dsolomon_ushmm,Jessmoody89,sascha.nanlohy,
Prosecutions.34,0,KyraFox,dsolomon_ushmm,Jessmoody89,sascha.nanlohy,
Prosecutions.35,0,KyraFox,dsolomon_ushmm,Jessmoody89,sascha.nanlohy,
Prosecutions.36,0,KyraFox,dsolomon_ushmm,Jessmoody89,sascha.nanlohy,
Prosecutions.37,0,KyraFox,dsolomon_ushmm,Jessmoody89,sascha.nanlohy,
Prosecutions.38,0,KyraFox,dsolomon_ushmm,Jessmoody89,sascha.nanlohy,
Prosecutions.39,1,KyraFox,dsolomon_ushmm,Jessmoody89,sascha.nanlohy,
Prosecutions.40,1,KyraFox,dsolomon_ushmm,Jessmoody89,sascha.nanlohy,
Prosecutions.41,0,KyraFox,dsolomon_ushmm,Jessmoody89,sascha.nanlohy,
Prosecutions.42,0,KyraFox,dsolomon_ushmm,Jessmoody89,sascha.nanlohy,
Prosecutions.43,1,KyraFox,dsolomon_ushmm,Jessmoody89,sascha.nanlohy,
Prosecutions.44,0,KyraFox,dsolomon_ushmm,Jessmoody89,sascha.nanlohy,
Prosecutions.45,0,KyraFox,dsolomon_ushmm,Jessmoody89,sascha.nanlohy,
Prosecutions.46,0,KyraFox,dsolomon_ushmm,Jessmoody89,sascha.nanlohy,
Prosecutions.47,1,KyraFox,dsolomon_ushmm,Jessmoody89,sascha.nanlohy,
Prosecutions.48,1,KyraFox,dsolomon_ushmm,Jessmoody89,sascha.nanlohy,
Prosecutions.49,0,KyraFox,dsolomon_ushmm,Jessmoody89,sascha.nanlohy,
Prosecutions.50,0,KyraFox,dsolomon_ushmm,Jessmoody89,sascha.nanlohy,
Prosecutions.51,1,KyraFox,dsolomon_ushmm,KyraFox,Jessmoody89,
Prosecutions.52,0,KyraFox,dsolomon_ushmm,KyraFox,Jessmoody89,
Prosecutions.53,1,KyraFox,dsolomon_ushmm,KyraFox,Jessmoody89,
Prosecutions.54,1,KyraFox,dsolomon_ushmm,KyraFox,Jessmoody89,
Prosecutions.55,1,KyraFox,dsolomon_ushmm,KyraFox,Jessmoody89,
Prosecutions.56,1,KyraFox,dsolomon_ushmm,KyraFox,Jessmoody89,
Prosecutions.57,1,KyraFox,dsolomon_ushmm,KyraFox,Jessmoody89,
Prosecutions.58,1,KyraFox,dsolomon_ushmm,KyraFox,Jessmoody89,
Prosecutions.59,1,KyraFox,dsolomon_ushmm,KyraFox,sascha.nanlohy,
Prosecutions.60,1,KyraFox,dsolomon_ushmm,KyraFox,sascha.nanlohy,
Prosecutions.61,0,KyraFox,dsolomon_ushmm,Jessmoody89,sascha.nanlohy,
Prosecutions.63,0,KyraFox,dsolomon_ushmm,KyraFox,sascha.nanlohy,
Prosecutions.64,0,KyraFox,dsolomon_ushmm,KyraFox,sascha.nanlohy,
Prosecutions.65,0,KyraFox,dsolomon_ushmm,Jessmoody89,sascha.nanlohy,
Prosecutions.66,0,KyraFox,dsolomon_ushmm,Jessmoody89,sascha.nanlohy,
Prosecutions.67,0,KyraFox,dsolomon_ushmm,Jessmoody89,sascha.nanlohy,
Prosecutions.71,1,KyraFox,dsolomon_ushmm,Jessmoody89,sascha.nanlohy,
Prosecutions.72,0,KyraFox,dsolomon_ushmm,Jessmoody89,sascha.nanlohy,
Prosecutions.73,0,KyraFox,dsolomon_ushmm,Jessmoody89,sascha.nanlohy,
Prosecutions.74,1,KyraFox,dsolomon_ushmm,Jessmoody89,sascha.nanlohy,
Prosecutions.75,0,KyraFox,dsolomon_ushmm,Jessmoody89,sascha.nanlohy,
Prosecutions.76,0,KyraFox,dsolomon_ushmm,Jessmoody89,sascha.nanlohy,
Prosecutions.77,0,KyraFox,dsolomon_ushmm,KyraFox,sascha.nanlohy,
Prosecutions.78,1,KyraFox,dsolomon_ushmm,Jessmoody89,sascha.nanlohy,
Prosecutions.79,0,KyraFox,dsolomon_ushmm,Jessmoody89,sascha.nanlohy,
Prosecutions.80,1,KyraFox,dsolomon_ushmm,Jessmoody89,sascha.nanlohy,
Prosecutions.81,1,KyraFox,dsolomon_ushmm,Jessmoody89,sascha.nanlohy,
Prosecutions.82,0,KyraFox,dsolomon_ushmm,Jessmoody89,sascha.nanlohy,
Prosecutions.83,1,KyraFox,dsolomon_ushmm,Jessmoody89,sascha.nanlohy,"Omitted in November 2023, given undergrad / MA exclusion rule"
Prosecutions.84,0,KyraFox,dsolomon_ushmm,Jessmoody89,sascha.nanlohy,
Prosecutions.85,0,KyraFox,dsolomon_ushmm,KyraFox,sascha.nanlohy,
Prosecutions.86,0,KyraFox,dsolomon_ushmm,KyraFox,sascha.nanlohy,
Prosecutions.87,1,KyraFox,dsolomon_ushmm,KyraFox,sascha.nanlohy,
Prosecutions.88,1,KyraFox,dsolomon_ushmm,Jessmoody89,sascha.nanlohy,
Prosecutions.89,0,KyraFox,dsolomon_ushmm,KyraFox,sascha.nanlohy,
Prosecutions.90,0,KyraFox,dsolomon_ushmm,Jessmoody89,sascha.nanlohy,
Prosecutions.91,1,KyraFox,dsolomon_ushmm,Jessmoody89,sascha.nanlohy,
Prosecutions.92,0,KyraFox,dsolomon_ushmm,KyraFox,sascha.nanlohy,
Prosecutions.93,0,KyraFox,dsolomon_ushmm,KyraFox,sascha.nanlohy,
Prosecutions.94,1,KyraFox,dsolomon_ushmm,KyraFox,sascha.nanlohy,
Targeted Sanctions.01,0,KyraFox,dsolomon_ushmm,sascha.nanlohy,Alexbhall,
Targeted Sanctions.02,1,KyraFox,dsolomon_ushmm,Jessmoody89,Alexbhall,
Targeted Sanctions.03,0,KyraFox,dsolomon_ushmm,sascha.nanlohy,Alexbhall,
Targeted Sanctions.04,1,KyraFox,dsolomon_ushmm,sascha.nanlohy,Alexbhall,
Targeted Sanctions.05,0,KyraFox,dsolomon_ushmm,sascha.nanlohy,Alexbhall,
Targeted Sanctions.06,1,KyraFox,dsolomon_ushmm,sascha.nanlohy,Alexbhall,
Targeted Sanctions.07,1,KyraFox,dsolomon_ushmm,sascha.nanlohy,Alexbhall,
Targeted Sanctions.08,0,KyraFox,dsolomon_ushmm,sascha.nanlohy,Alexbhall,
Targeted Sanctions.09,1,KyraFox,dsolomon_ushmm,,,
Targeted Sanctions.10,1,KyraFox,dsolomon_ushmm,KyraFox,Alexbhall,
Targeted Sanctions.11,0,KyraFox,dsolomon_ushmm,KyraFox,Alexbhall,
Targeted Sanctions.12,0,KyraFox,dsolomon_ushmm,sascha.nanlohy,Alexbhall,
Targeted Sanctions.13,1,KyraFox,dsolomon_ushmm,KyraFox,Alexbhall,
Targeted Sanctions.14,1,KyraFox,dsolomon_ushmm,KyraFox,Alexbhall,
Targeted Sanctions.15,1,KyraFox,dsolomon_ushmm,KyraFox,Alexbhall,
Targeted Sanctions.16,0,KyraFox,dsolomon_ushmm,sascha.nanlohy,Alexbhall,
Targeted Sanctions.17,1,KyraFox,dsolomon_ushmm,sascha.nanlohy,Alexbhall,
Targeted Sanctions.18,1,KyraFox,dsolomon_ushmm,KyraFox,Alexbhall,
Targeted Sanctions.19,1,KyraFox,dsolomon_ushmm,KyraFox,Alexbhall,
Targeted Sanctions.20,1,KyraFox,dsolomon_ushmm,sascha.nanlohy,Alexbhall,
Targeted Sanctions.21,0,KyraFox,dsolomon_ushmm,sascha.nanlohy,Alexbhall,
Targeted Sanctions.22,0,KyraFox,dsolomon_ushmm,KyraFox,sascha.nanlohy,
Targeted Sanctions.23,0,KyraFox,dsolomon_ushmm,KyraFox,sascha.nanlohy,
Targeted Sanctions.24,0,KyraFox,dsolomon_ushmm,KyraFox,sascha.nanlohy,
Targeted Sanctions.25,0,KyraFox,dsolomon_ushmm,Jessmoody89,sascha.nanlohy,
Arms Embargoes.01,0,KyraFox,dsolomon_ushmm,Jessmoody89,sascha.nanlohy,
Arms Embargoes.02,1,KyraFox,dsolomon_ushmm,Jessmoody89,sascha.nanlohy,
Arms Embargoes.03,1,KyraFox,dsolomon_ushmm,Jessmoody89,sascha.nanlohy,
Arms Embargoes.04,0,KyraFox,dsolomon_ushmm,Jessmoody89,sascha.nanlohy,
Arms Embargoes.05,0,KyraFox,dsolomon_ushmm,Jessmoody89,sascha.nanlohy,
Arms Embargoes.06,0,KyraFox,dsolomon_ushmm,Jessmoody89,sascha.nanlohy,
Arms Embargoes.07,0,KyraFox,dsolomon_ushmm,Jessmoody89,sascha.nanlohy,
Arms Embargoes.08,0,KyraFox,dsolomon_ushmm,Jessmoody89,sascha.nanlohy,
Arms Embargoes.09,0,KyraFox,dsolomon_ushmm,Jessmoody89,sascha.nanlohy,
Arms Embargoes.10,1,KyraFox,dsolomon_ushmm,Jessmoody89,sascha.nanlohy,
Arms Embargoes.11,0,KyraFox,dsolomon_ushmm,Jessmoody89,sascha.nanlohy,
Arms Embargoes.12,0,KyraFox,dsolomon_ushmm,Jessmoody89,sascha.nanlohy,
Arms Embargoes.13,1,KyraFox,dsolomon_ushmm,Jessmoody89,sascha.nanlohy,
Arms Embargoes.14,0,KyraFox,dsolomon_ushmm,Jessmoody89,sascha.nanlohy,
Arms Embargoes.15,0,KyraFox,dsolomon_ushmm,Jessmoody89,sascha.nanlohy,
Arms Embargoes.16,1,KyraFox,dsolomon_ushmm,Jessmoody89,sascha.nanlohy,
Arms Embargoes.17,0,KyraFox,dsolomon_ushmm,Jessmoody89,sascha.nanlohy,
Arms Embargoes.18,1,KyraFox,dsolomon_ushmm,Jessmoody89,sascha.nanlohy,
Arms Embargoes.19,1,KyraFox,dsolomon_ushmm,Jessmoody89,sascha.nanlohy,
Arms Embargoes.20,1,KyraFox,dsolomon_ushmm,Jessmoody89,sascha.nanlohy,
Arms Embargoes.21,1,KyraFox,dsolomon_ushmm,Jessmoody89,sascha.nanlohy,
Arms Embargoes.22,1,KyraFox,dsolomon_ushmm,Jessmoody89,sascha.nanlohy,
Arms Embargoes.23,1,KyraFox,dsolomon_ushmm,KyraFox,sascha.nanlohy,
Arms Embargoes.24,1,KyraFox,dsolomon_ushmm,KyraFox,sascha.nanlohy,
Arms Embargoes.24,1,KyraFox,dsolomon_ushmm,KyraFox,sascha.nanlohy,
Arms Embargoes.26,0,KyraFox,dsolomon_ushmm,KyraFox,sascha.nanlohy,
Arms Embargoes.27,1,KyraFox,dsolomon_ushmm,KyraFox,sascha.nanlohy,
Arms Embargoes.28,1,KyraFox,dsolomon_ushmm,KyraFox,sascha.nanlohy,
Arms Embargoes.29,1,KyraFox,dsolomon_ushmm,KyraFox,sascha.nanlohy,
Arms Embargoes.30,1,KyraFox,dsolomon_ushmm,KyraFox,sascha.nanlohy,
Arms Embargoes.31,1,KyraFox,dsolomon_ushmm,KyraFox,sascha.nanlohy,
Arms Embargoes.32,1,KyraFox,dsolomon_ushmm,KyraFox,sascha.nanlohy,
Arms Embargoes.33,1,KyraFox,dsolomon_ushmm,KyraFox,sascha.nanlohy,
Arms Embargoes.34,1,KyraFox,dsolomon_ushmm,KyraFox,sascha.nanlohy,
Arms Embargoes.35,1,KyraFox,dsolomon_ushmm,KyraFox,sascha.nanlohy,
Arms Embargoes.36,1,KyraFox,dsolomon_ushmm,dsolomon_ushmm,Jessmoody89,
Arms Embargoes.37,1,KyraFox,dsolomon_ushmm,dsolomon_ushmm,Jessmoody89,
Arms Embargoes.38,1,KyraFox,dsolomon_ushmm,dsolomon_ushmm,Jessmoody89,
Arms Embargoes.39,1,KyraFox,dsolomon_ushmm,dsolomon_ushmm,Jessmoody89,
Arms Embargoes.40,1,KyraFox,dsolomon_ushmm,dsolomon_ushmm,Jessmoody89,
Arms Embargoes.41,1,KyraFox,dsolomon_ushmm,dsolomon_ushmm,Jessmoody89,
Arms Embargoes.42,1,KyraFox,dsolomon_ushmm,dsolomon_ushmm,Jessmoody89,
Arms Embargoes.43,1,KyraFox,dsolomon_ushmm,sascha.nanlohy,Jessmoody89,
Arms Embargoes.44,1,KyraFox,dsolomon_ushmm,sascha.nanlohy,Jessmoody89,
Arms Embargoes.45,1,KyraFox,dsolomon_ushmm,sascha.nanlohy,Jessmoody89,
Arms Embargoes.46,1,KyraFox,dsolomon_ushmm,sascha.nanlohy,Jessmoody89,
Arms Embargoes.47,1,KyraFox,dsolomon_ushmm,sascha.nanlohy,Jessmoody89,
Arms Embargoes.48,1,KyraFox,dsolomon_ushmm,sascha.nanlohy,Jessmoody89,
Arms Embargoes.49,0,KyraFox,dsolomon_ushmm,sascha.nanlohy,Jessmoody89,
Military Intervention.001,0,KyraFox,dsolomon_ushmm,Jessmoody89,sascha.nanlohy,
Military Intervention.002,1,KyraFox,dsolomon_ushmm,Jessmoody89,sascha.nanlohy,
Military Intervention.003,0,KyraFox,dsolomon_ushmm,Jessmoody89,sascha.nanlohy,
Military Intervention.004,0,KyraFox,dsolomon_ushmm,Jessmoody89,sascha.nanlohy,
Military Intervention.005,1,KyraFox,dsolomon_ushmm,Jessmoody89,sascha.nanlohy,
Military Intervention.006,0,KyraFox,dsolomon_ushmm,Jessmoody89,sascha.nanlohy,
Military Intervention.007,0,KyraFox,dsolomon_ushmm,Jessmoody89,sascha.nanlohy,
Military Intervention.008,0,KyraFox,dsolomon_ushmm,Jessmoody89,sascha.nanlohy,
Military Intervention.009,0,KyraFox,dsolomon_ushmm,Jessmoody89,sascha.nanlohy,
Military Intervention.010,0,KyraFox,dsolomon_ushmm,Jessmoody89,sascha.nanlohy,
Military Intervention.011,0,KyraFox,dsolomon_ushmm,Jessmoody89,sascha.nanlohy,
Military Intervention.012,0,KyraFox,dsolomon_ushmm,Jessmoody89,sascha.nanlohy,
Military Intervention.013,0,KyraFox,dsolomon_ushmm,Jessmoody89,sascha.nanlohy,
Military Intervention.014,0,KyraFox,dsolomon_ushmm,Jessmoody89,sascha.nanlohy,
Military Intervention.015,1,KyraFox,dsolomon_ushmm,Jessmoody89,sascha.nanlohy,
Military Intervention.016,0,KyraFox,dsolomon_ushmm,Jessmoody89,sascha.nanlohy,
Military Intervention.017,0,KyraFox,dsolomon_ushmm,Jessmoody89,sascha.nanlohy,
Military Intervention.018,1,KyraFox,dsolomon_ushmm,Jessmoody89,sascha.nanlohy,
Military Intervention.019,1,KyraFox,dsolomon_ushmm,Jessmoody89,sascha.nanlohy,
Military Intervention.020,0,KyraFox,dsolomon_ushmm,Jessmoody89,sascha.nanlohy,
Military Intervention.021,1,KyraFox,dsolomon_ushmm,Jessmoody89,sascha.nanlohy,
Military Intervention.022,0,KyraFox,dsolomon_ushmm,Jessmoody89,sascha.nanlohy,
Military Intervention.023,1,KyraFox,dsolomon_ushmm,Jessmoody89,sascha.nanlohy,
Military Intervention.024,0,KyraFox,dsolomon_ushmm,Jessmoody89,sascha.nanlohy,
Military Intervention.025,0,KyraFox,dsolomon_ushmm,Jessmoody89,sascha.nanlohy,
Military Intervention.026,0,KyraFox,dsolomon_ushmm,KyraFox,sascha.nanlohy,
Military Intervention.027,1,KyraFox,dsolomon_ushmm,Jessmoody89,sascha.nanlohy,
Military Intervention.028,0,KyraFox,dsolomon_ushmm,Jessmoody89,sascha.nanlohy,
Military Intervention.029,0,KyraFox,dsolomon_ushmm,Jessmoody89,sascha.nanlohy,
Military Intervention.030,0,KyraFox,dsolomon_ushmm,Jessmoody89,sascha.nanlohy,
Military Intervention.031,0,KyraFox,dsolomon_ushmm,Jessmoody89,sascha.nanlohy,
Military Intervention.032,0,KyraFox,dsolomon_ushmm,Jessmoody89,sascha.nanlohy,
Military Intervention.033,0,KyraFox,dsolomon_ushmm,Jessmoody89,sascha.nanlohy,
Military Intervention.034,0,KyraFox,dsolomon_ushmm,Jessmoody89,sascha.nanlohy,
Military Intervention.035,0,KyraFox,dsolomon_ushmm,Jessmoody89,sascha.nanlohy,
Military Intervention.036,1,KyraFox,dsolomon_ushmm,KyraFox,sascha.nanlohy,
Military Intervention.037,1,KyraFox,dsolomon_ushmm,KyraFox,sascha.nanlohy,
Military Intervention.038,0,KyraFox,dsolomon_ushmm,KyraFox,sascha.nanlohy,
Military Intervention.039,0,KyraFox,dsolomon_ushmm,KyraFox,sascha.nanlohy,
Military Intervention.040,0,KyraFox,dsolomon_ushmm,KyraFox,sascha.nanlohy,
Military Intervention.041,1,KyraFox,dsolomon_ushmm,KyraFox,sascha.nanlohy,
Military Intervention.042,0,KyraFox,dsolomon_ushmm,KyraFox,sascha.nanlohy,
Military Intervention.043,0,KyraFox,dsolomon_ushmm,KyraFox,sascha.nanlohy,
Military Intervention.044,1,KyraFox,dsolomon_ushmm,KyraFox,sascha.nanlohy,
Military Intervention.045,1,KyraFox,dsolomon_ushmm,KyraFox,sascha.nanlohy,
Military Intervention.046,1,KyraFox,dsolomon_ushmm,KyraFox,sascha.nanlohy,
Military Intervention.047,0,KyraFox,dsolomon_ushmm,KyraFox,sascha.nanlohy,
Military Intervention.048,1,KyraFox,dsolomon_ushmm,KyraFox,sascha.nanlohy,
Military Intervention.049,0,KyraFox,dsolomon_ushmm,KyraFox,sascha.nanlohy,
Military Intervention.050,1,KyraFox,dsolomon_ushmm,KyraFox,sascha.nanlohy,
Military Intervention.051,1,KyraFox,dsolomon_ushmm,KyraFox,sascha.nanlohy,
Military Intervention.052,0,KyraFox,dsolomon_ushmm,KyraFox,sascha.nanlohy,
Military Intervention.053,1,KyraFox,dsolomon_ushmm,KyraFox,sascha.nanlohy,
Military Intervention.054,0,KyraFox,dsolomon_ushmm,KyraFox,sascha.nanlohy,
Military Intervention.055,0,KyraFox,dsolomon_ushmm,KyraFox,sascha.nanlohy,
Military Intervention.056,1,KyraFox,dsolomon_ushmm,KyraFox,sascha.nanlohy,
Military Intervention.057,0,KyraFox,dsolomon_ushmm,KyraFox,sascha.nanlohy,
Military Intervention.058,1,KyraFox,dsolomon_ushmm,KyraFox,sascha.nanlohy,
Military Intervention.059,1,KyraFox,dsolomon_ushmm,KyraFox,sascha.nanlohy,
Military Intervention.060,0,KyraFox,dsolomon_ushmm,KyraFox,sascha.nanlohy,
Military Intervention.061,0,KyraFox,dsolomon_ushmm,KyraFox,sascha.nanlohy,
Military Intervention.062,0,KyraFox,dsolomon_ushmm,KyraFox,sascha.nanlohy,
Military Intervention.063,1,KyraFox,dsolomon_ushmm,KyraFox,sascha.nanlohy,
Military Intervention.064,1,KyraFox,dsolomon_ushmm,KyraFox,sascha.nanlohy,
Military Intervention.065,0,KyraFox,dsolomon_ushmm,KyraFox,sascha.nanlohy,
Military Intervention.066,1,KyraFox,dsolomon_ushmm,KyraFox,sascha.nanlohy,
Military Intervention.067,0,KyraFox,dsolomon_ushmm,KyraFox,sascha.nanlohy,
Military Intervention.068,0,KyraFox,dsolomon_ushmm,KyraFox,sascha.nanlohy,
Military Intervention.069,0,KyraFox,dsolomon_ushmm,KyraFox,sascha.nanlohy,
Military Intervention.070,1,KyraFox,dsolomon_ushmm,KyraFox,sascha.nanlohy,
Military Intervention.071,1,KyraFox,dsolomon_ushmm,KyraFox,sascha.nanlohy,
Military Intervention.072,1,KyraFox,dsolomon_ushmm,KyraFox,sascha.nanlohy,
Military Intervention.073,1,KyraFox,dsolomon_ushmm,KyraFox,sascha.nanlohy,
Military Intervention.074,0,KyraFox,dsolomon_ushmm,KyraFox,sascha.nanlohy,
Military Intervention.075,1,KyraFox,dsolomon_ushmm,KyraFox,sascha.nanlohy,
Military Intervention.076,1,KyraFox,dsolomon_ushmm,KyraFox,sascha.nanlohy,
Military Intervention.077,0,KyraFox,dsolomon_ushmm,KyraFox,sascha.nanlohy,
Military Intervention.078,0,KyraFox,dsolomon_ushmm,KyraFox,sascha.nanlohy,
Military Intervention.079,1,KyraFox,dsolomon_ushmm,KyraFox,sascha.nanlohy,
Military Intervention.080,1,KyraFox,dsolomon_ushmm,KyraFox,sascha.nanlohy,
Military Intervention.081,0,KyraFox,dsolomon_ushmm,KyraFox,sascha.nanlohy,
Military Intervention.082,1,KyraFox,dsolomon_ushmm,KyraFox,sascha.nanlohy,
Military Intervention.083,1,KyraFox,dsolomon_ushmm,KyraFox,sascha.nanlohy,
Military Intervention.084,0,KyraFox,dsolomon_ushmm,KyraFox,sascha.nanlohy,
Military Intervention.085,0,KyraFox,dsolomon_ushmm,KyraFox,sascha.nanlohy,
Military Intervention.086,0,KyraFox,dsolomon_ushmm,Jessmoody89,sascha.nanlohy,
Military Intervention.087,0,KyraFox,dsolomon_ushmm,Jessmoody89,sascha.nanlohy,
Military Intervention.088,1,KyraFox,dsolomon_ushmm,Jessmoody89,sascha.nanlohy,
Military Intervention.089,0,KyraFox,dsolomon_ushmm,Jessmoody89,sascha.nanlohy,
Military Intervention.090,0,KyraFox,dsolomon_ushmm,Jessmoody89,sascha.nanlohy,
Military Intervention.091,1,KyraFox,dsolomon_ushmm,Jessmoody89,sascha.nanlohy,
Military Intervention.092,1,KyraFox,dsolomon_ushmm,Jessmoody89,sascha.nanlohy,
Military Intervention.093,1,KyraFox,dsolomon_ushmm,Jessmoody89,sascha.nanlohy,
Military Intervention.094,1,KyraFox,dsolomon_ushmm,Jessmoody89,sascha.nanlohy,
Military Intervention.095,0,KyraFox,dsolomon_ushmm,Jessmoody89,sascha.nanlohy,
Military Intervention.096,1,KyraFox,dsolomon_ushmm,Jessmoody89,sascha.nanlohy,
Military Intervention.097,0,KyraFox,dsolomon_ushmm,Jessmoody89,sascha.nanlohy,
Military Intervention.098,1,KyraFox,dsolomon_ushmm,Jessmoody89,sascha.nanlohy,
Military Intervention.099,0,KyraFox,dsolomon_ushmm,Jessmoody89,sascha.nanlohy,
Military Intervention.100,0,KyraFox,dsolomon_ushmm,Jessmoody89,sascha.nanlohy,
Military Intervention.101,1,KyraFox,dsolomon_ushmm,Jessmoody89,sascha.nanlohy,
Military Intervention.102,0,KyraFox,dsolomon_ushmm,Jessmoody89,sascha.nanlohy,
Military Intervention.103,0,KyraFox,dsolomon_ushmm,Jessmoody89,sascha.nanlohy,
Military Intervention.104,1,KyraFox,dsolomon_ushmm,Jessmoody89,sascha.nanlohy,
Military Intervention.105,1,KyraFox,dsolomon_ushmm,Jessmoody89,sascha.nanlohy,
Military Intervention.106,0,KyraFox,dsolomon_ushmm,Jessmoody89,sascha.nanlohy,
Military Intervention.107,1,KyraFox,dsolomon_ushmm,Jessmoody89,sascha.nanlohy,
Military Intervention.108,1,KyraFox,dsolomon_ushmm,Jessmoody89,sascha.nanlohy,
Military Intervention.109,1,KyraFox,dsolomon_ushmm,Jessmoody89,sascha.nanlohy,
Military Intervention.110,1,KyraFox,dsolomon_ushmm,Jessmoody89,sascha.nanlohy,
Military Intervention.111,1,KyraFox,dsolomon_ushmm,Jessmoody89,sascha.nanlohy,
Military Intervention.112,1,KyraFox,dsolomon_ushmm,Jessmoody89,sascha.nanlohy,
Military Intervention.113,1,KyraFox,dsolomon_ushmm,Jessmoody89,sascha.nanlohy,
Military Intervention.114,0,KyraFox,dsolomon_ushmm,Jessmoody89,sascha.nanlohy,
Military Intervention.115,1,KyraFox,dsolomon_ushmm,Jessmoody89,sascha.nanlohy,
Military Intervention.116,1,KyraFox,dsolomon_ushmm,Jessmoody89,sascha.nanlohy,
Military Intervention.117,1,KyraFox,dsolomon_ushmm,Jessmoody89,sascha.nanlohy,
Military Intervention.118,1,KyraFox,dsolomon_ushmm,Jessmoody89,sascha.nanlohy,
Military Intervention.119,1,KyraFox,dsolomon_ushmm,Jessmoody89,sascha.nanlohy,
Military Intervention.120,1,KyraFox,dsolomon_ushmm,Jessmoody89,sascha.nanlohy,
Military Intervention.121,1,KyraFox,dsolomon_ushmm,Jessmoody89,sascha.nanlohy,
Military Intervention.122,1,KyraFox,dsolomon_ushmm,Jessmoody89,sascha.nanlohy,
Military Intervention.123,1,KyraFox,dsolomon_ushmm,Jessmoody89,sascha.nanlohy,
Military Intervention.124,1,KyraFox,dsolomon_ushmm,Jessmoody89,sascha.nanlohy,
Military Intervention.125,0,KyraFox,dsolomon_ushmm,Jessmoody89,sascha.nanlohy,
Military Intervention.126,1,KyraFox,dsolomon_ushmm,Jessmoody89,sascha.nanlohy,
Military Intervention.127,0,KyraFox,dsolomon_ushmm,Jessmoody89,sascha.nanlohy,
Military Intervention.128,0,KyraFox,dsolomon_ushmm,KyraFox,sascha.nanlohy,
Military Intervention.129,1,KyraFox,dsolomon_ushmm,Jessmoody89,sascha.nanlohy,
Military Intervention.130,1,KyraFox,dsolomon_ushmm,Jessmoody89,sascha.nanlohy,
Military Intervention.131,1,KyraFox,dsolomon_ushmm,Jessmoody89,sascha.nanlohy,
Military Intervention.132,1,KyraFox,dsolomon_ushmm,Jessmoody89,sascha.nanlohy,
Military Intervention.133,1,KyraFox,dsolomon_ushmm,Jessmoody89,sascha.nanlohy,
Military Intervention.134,1,KyraFox,dsolomon_ushmm,Jessmoody89,sascha.nanlohy,
Military Intervention.135,1,KyraFox,dsolomon_ushmm,Jessmoody89,sascha.nanlohy,
Military Intervention.136,0,KyraFox,dsolomon_ushmm,Jessmoody89,sascha.nanlohy,
Military Intervention.137,1,KyraFox,dsolomon_ushmm,Jessmoody89,sascha.nanlohy,
Military Intervention.138,1,KyraFox,dsolomon_ushmm,Jessmoody89,sascha.nanlohy,
Military Intervention.139,0,KyraFox,dsolomon_ushmm,Jessmoody89,sascha.nanlohy,
Military Intervention.140,1,KyraFox,dsolomon_ushmm,Jessmoody89,sascha.nanlohy,
Military Intervention.141,1,KyraFox,dsolomon_ushmm,Jessmoody89,sascha.nanlohy,
Military Intervention.142,0,KyraFox,dsolomon_ushmm,tallandonine,sascha.nanlohy,
Comprehensive Economic Sanctions.02,1,KyraFox,dsolomon_ushmm,Jessmoody89,sascha.nanlohy,
Comprehensive Economic Sanctions.03,1,KyraFox,dsolomon_ushmm,Jessmoody89,sascha.nanlohy,
Comprehensive Economic Sanctions.04,0,KyraFox,dsolomon_ushmm,Jessmoody89,sascha.nanlohy,
Comprehensive Economic Sanctions.05,0,KyraFox,dsolomon_ushmm,Jessmoody89,sascha.nanlohy,
Comprehensive Economic Sanctions.06,0,KyraFox,dsolomon_ushmm,Jessmoody89,sascha.nanlohy,
Comprehensive Economic Sanctions.07,1,KyraFox,dsolomon_ushmm,Jessmoody89,sascha.nanlohy,
Comprehensive Economic Sanctions.08,1,KyraFox,dsolomon_ushmm,Jessmoody89,sascha.nanlohy,
Comprehensive Economic Sanctions.09,0,KyraFox,dsolomon_ushmm,tallandonine,sascha.nanlohy,
Comprehensive Economic Sanctions.10,1,KyraFox,dsolomon_ushmm,tallandonine,sascha.nanlohy,
Comprehensive Economic Sanctions.11,0,KyraFox,dsolomon_ushmm,tallandonine,sascha.nanlohy,
Comprehensive Economic Sanctions.12,0,KyraFox,dsolomon_ushmm,tallandonine,sascha.nanlohy,
Comprehensive Economic Sanctions.13,0,KyraFox,dsolomon_ushmm,tallandonine,sascha.nanlohy,
Comprehensive Economic Sanctions.14,1,KyraFox,dsolomon_ushmm,tallandonine,sascha.nanlohy,
Comprehensive Economic Sanctions.15,1,KyraFox,dsolomon_ushmm,tallandonine,sascha.nanlohy,
Comprehensive Economic Sanctions.16,0,KyraFox,dsolomon_ushmm,tallandonine,sascha.nanlohy,
Comprehensive Economic Sanctions.17,1,KyraFox,dsolomon_ushmm,tallandonine,sascha.nanlohy,
Comprehensive Economic Sanctions.18,1,KyraFox,dsolomon_ushmm,tallandonine,sascha.nanlohy,
Comprehensive Economic Sanctions.19,1,KyraFox,dsolomon_ushmm,tallandonine,sascha.nanlohy,
Comprehensive Economic Sanctions.20,1,KyraFox,dsolomon_ushmm,tallandonine,sascha.nanlohy,
Comprehensive Economic Sanctions.21,1,KyraFox,dsolomon_ushmm,tallandonine,sascha.nanlohy,
Comprehensive Economic Sanctions.22,0,KyraFox,dsolomon_ushmm,tallandonine,sascha.nanlohy,
Comprehensive Economic Sanctions.23,0,KyraFox,dsolomon_ushmm,tallandonine,sascha.nanlohy,
Comprehensive Economic Sanctions.24,0,KyraFox,dsolomon_ushmm,tallandonine,sascha.nanlohy,
Comprehensive Economic Sanctions.25,1,KyraFox,dsolomon_ushmm,tallandonine,sascha.nanlohy,
Comprehensive Economic Sanctions.26,0,KyraFox,dsolomon_ushmm,tallandonine,sascha.nanlohy,
Comprehensive Economic Sanctions.27,1,KyraFox,dsolomon_ushmm,tallandonine,sascha.nanlohy,
Comprehensive Economic Sanctions.28,1,KyraFox,dsolomon_ushmm,tallandonine,sascha.nanlohy,
Comprehensive Economic Sanctions.29,0,KyraFox,dsolomon_ushmm,tallandonine,sascha.nanlohy,
Comprehensive Economic Sanctions.30,1,KyraFox,dsolomon_ushmm,tallandonine,sascha.nanlohy,
Comprehensive Economic Sanctions.31,1,KyraFox,dsolomon_ushmm,tallandonine,sascha.nanlohy,
Comprehensive Economic Sanctions.32,0,KyraFox,dsolomon_ushmm,tallandonine,sascha.nanlohy,
Comprehensive Economic Sanctions.33,0,KyraFox,dsolomon_ushmm,tallandonine,sascha.nanlohy,
Comprehensive Economic Sanctions.34,0,KyraFox,dsolomon_ushmm,tallandonine,sascha.nanlohy,
Comprehensive Economic Sanctions.35,1,KyraFox,dsolomon_ushmm,tallandonine,sascha.nanlohy,
Comprehensive Economic Sanctions.36,1,KyraFox,dsolomon_ushmm,tallandonine,sascha.nanlohy,
Comprehensive Economic Sanctions.37,0,KyraFox,dsolomon_ushmm,tallandonine,sascha.nanlohy,
Comprehensive Economic Sanctions.38,1,KyraFox,dsolomon_ushmm,tallandonine,sascha.nanlohy,
Comprehensive Economic Sanctions.39,1,KyraFox,dsolomon_ushmm,tallandonine,sascha.nanlohy,
Comprehensive Economic Sanctions.40,1,KyraFox,dsolomon_ushmm,tallandonine,sascha.nanlohy,
Comprehensive Economic Sanctions.41,1,KyraFox,dsolomon_ushmm,tallandonine,sascha.nanlohy,
Comprehensive Economic Sanctions.42,1,KyraFox,dsolomon_ushmm,tallandonine,sascha.nanlohy,
Comprehensive Economic Sanctions.43,0,KyraFox,dsolomon_ushmm,tallandonine,sascha.nanlohy,
Comprehensive Economic Sanctions.44,0,KyraFox,dsolomon_ushmm,tallandonine,sascha.nanlohy,
Comprehensive Economic Sanctions.45,1,KyraFox,dsolomon_ushmm,tallandonine,sascha.nanlohy,
Comprehensive Economic Sanctions.46,1,KyraFox,dsolomon_ushmm,tallandonine,sascha.nanlohy,
Comprehensive Economic Sanctions.47,1,KyraFox,dsolomon_ushmm,tallandonine,sascha.nanlohy,
Comprehensive Economic Sanctions.48,1,KyraFox,dsolomon_ushmm,tallandonine,sascha.nanlohy,
Comprehensive Economic Sanctions.49,1,KyraFox,dsolomon_ushmm,tallandonine,sascha.nanlohy,
Comprehensive Economic Sanctions.50,1,KyraFox,dsolomon_ushmm,tallandonine,sascha.nanlohy,
Comprehensive Economic Sanctions.51,1,KyraFox,dsolomon_ushmm,KyraFox,sascha.nanlohy,
Comprehensive Economic Sanctions.52,1,KyraFox,dsolomon_ushmm,KyraFox,sascha.nanlohy,
Comprehensive Economic Sanctions.53,0,KyraFox,dsolomon_ushmm,KyraFox,sascha.nanlohy,
Comprehensive Economic Sanctions.54,1,KyraFox,dsolomon_ushmm,KyraFox,sascha.nanlohy,
Comprehensive Economic Sanctions.55,1,KyraFox,dsolomon_ushmm,KyraFox,sascha.nanlohy,
Comprehensive Economic Sanctions.56,0,KyraFox,dsolomon_ushmm,KyraFox,sascha.nanlohy,
Comprehensive Economic Sanctions.57,1,KyraFox,dsolomon_ushmm,KyraFox,sascha.nanlohy,
Comprehensive Economic Sanctions.58,1,KyraFox,dsolomon_ushmm,KyraFox,sascha.nanlohy,
Comprehensive Economic Sanctions.59,1,KyraFox,dsolomon_ushmm,KyraFox,sascha.nanlohy,
Comprehensive Economic Sanctions.60,1,KyraFox,dsolomon_ushmm,KyraFox,sascha.nanlohy,
Comprehensive Economic Sanctions.61,1,KyraFox,dsolomon_ushmm,KyraFox,sascha.nanlohy,
Comprehensive Economic Sanctions.62,0,KyraFox,dsolomon_ushmm,KyraFox,sascha.nanlohy,
Comprehensive Economic Sanctions.63,0,KyraFox,dsolomon_ushmm,KyraFox,sascha.nanlohy,
Comprehensive Economic Sanctions.64,1,KyraFox,dsolomon_ushmm,KyraFox,sascha.nanlohy,
Comprehensive Economic Sanctions.65,1,KyraFox,dsolomon_ushmm,tallandonine,sascha.nanlohy,
Comprehensive Economic Sanctions.66,0,KyraFox,dsolomon_ushmm,KyraFox,sascha.nanlohy,
Comprehensive Economic Sanctions.67,1,KyraFox,dsolomon_ushmm,KyraFox,sascha.nanlohy,
Comprehensive Economic Sanctions.68,1,KyraFox,dsolomon_ushmm,KyraFox,sascha.nanlohy,
Comprehensive Economic Sanctions.69,1,KyraFox,dsolomon_ushmm,KyraFox,sascha.nanlohy,
Comprehensive Economic Sanctions.70,1,KyraFox,dsolomon_ushmm,KyraFox,sascha.nanlohy,
Comprehensive Economic Sanctions.71,0,KyraFox,dsolomon_ushmm,KyraFox,sascha.nanlohy,
Comprehensive Economic Sanctions.72,1,KyraFox,dsolomon_ushmm,KyraFox,sascha.nanlohy,
Comprehensive Economic Sanctions.73,1,KyraFox,dsolomon_ushmm,KyraFox,sascha.nanlohy,
Comprehensive Economic Sanctions.74,1,KyraFox,dsolomon_ushmm,KyraFox,sascha.nanlohy,
Comprehensive Economic Sanctions.75,0,KyraFox,dsolomon_ushmm,KyraFox,sascha.nanlohy,
Comprehensive Economic Sanctions.76,1,KyraFox,dsolomon_ushmm,KyraFox,sascha.nanlohy,
Comprehensive Economic Sanctions.77,1,KyraFox,dsolomon_ushmm,KyraFox,sascha.nanlohy,
Comprehensive Economic Sanctions.78,1,KyraFox,dsolomon_ushmm,KyraFox,sascha.nanlohy,
Comprehensive Economic Sanctions.79,1,KyraFox,dsolomon_ushmm,KyraFox,sascha.nanlohy,
Comprehensive Economic Sanctions.80,1,KyraFox,dsolomon_ushmm,KyraFox,sascha.nanlohy,
Comprehensive Economic Sanctions.81,0,KyraFox,dsolomon_ushmm,KyraFox,sascha.nanlohy,
Comprehensive Economic Sanctions.82,1,KyraFox,dsolomon_ushmm,KyraFox,sascha.nanlohy,
Comprehensive Economic Sanctions.83,1,KyraFox,dsolomon_ushmm,KyraFox,sascha.nanlohy,
Comprehensive Economic Sanctions.84,1,KyraFox,dsolomon_ushmm,KyraFox,sascha.nanlohy,
Comprehensive Economic Sanctions.85,1,KyraFox,dsolomon_ushmm,KyraFox,sascha.nanlohy,
Comprehensive Economic Sanctions.86,1,KyraFox,dsolomon_ushmm,KyraFox,sascha.nanlohy,
Comprehensive Economic Sanctions.87,1,KyraFox,dsolomon_ushmm,KyraFox,sascha.nanlohy,
Comprehensive Economic Sanctions.88,1,KyraFox,dsolomon_ushmm,KyraFox,sascha.nanlohy,
Comprehensive Economic Sanctions.89,1,KyraFox,dsolomon_ushmm,KyraFox,sascha.nanlohy,
Comprehensive Economic Sanctions.90,1,KyraFox,dsolomon_ushmm,dsolomon_ushmm,tallandonine,
Comprehensive Economic Sanctions.91,0,KyraFox,dsolomon_ushmm,dsolomon_ushmm,tallandonine,
Comprehensive Economic Sanctions.92,0,KyraFox,dsolomon_ushmm,dsolomon_ushmm,tallandonine,
Comprehensive Economic Sanctions.93,1,KyraFox,dsolomon_ushmm,dsolomon_ushmm,tallandonine,
Comprehensive Economic Sanctions.94,1,KyraFox,dsolomon_ushmm,dsolomon_ushmm,tallandonine,
Comprehensive Economic Sanctions.95,1,KyraFox,dsolomon_ushmm,dsolomon_ushmm,tallandonine,
Comprehensive Economic Sanctions.96,1,KyraFox,dsolomon_ushmm,dsolomon_ushmm,tallandonine,
Comprehensive Economic Sanctions.97,1,KyraFox,dsolomon_ushmm,dsolomon_ushmm,tallandonine,
Comprehensive Economic Sanctions.98,1,KyraFox,dsolomon_ushmm,dsolomon_ushmm,tallandonine,
Comprehensive Economic Sanctions.99,1,KyraFox,dsolomon_ushmm,dsolomon_ushmm,tallandonine,
"Amnesty, Exile, or Asylum.01",1,KyraFox,dsolomon_ushmm,tallandonine,sascha.nanlohy,
"Amnesty, Exile, or Asylum.02",0,KyraFox,dsolomon_ushmm,tallandonine,sascha.nanlohy,
"Amnesty, Exile, or Asylum.03",0,KyraFox,dsolomon_ushmm,tallandonine,sascha.nanlohy,
"Amnesty, Exile, or Asylum.04",0,KyraFox,dsolomon_ushmm,tallandonine,sascha.nanlohy,
"Amnesty, Exile, or Asylum.05",0,KyraFox,dsolomon_ushmm,tallandonine,sascha.nanlohy,
"Amnesty, Exile, or Asylum.06",0,KyraFox,dsolomon_ushmm,tallandonine,sascha.nanlohy,
"Amnesty, Exile, or Asylum.07",0,KyraFox,dsolomon_ushmm,tallandonine,sascha.nanlohy,
"Amnesty, Exile, or Asylum.08",0,KyraFox,dsolomon_ushmm,tallandonine,sascha.nanlohy,
"Amnesty, Exile, or Asylum.09",0,KyraFox,dsolomon_ushmm,tallandonine,sascha.nanlohy,
"Amnesty, Exile, or Asylum.10",0,KyraFox,dsolomon_ushmm,tallandonine,sascha.nanlohy,
"Amnesty, Exile, or Asylum.11",0,KyraFox,dsolomon_ushmm,tallandonine,sascha.nanlohy,
"Amnesty, Exile, or Asylum.12",0,KyraFox,dsolomon_ushmm,tallandonine,sascha.nanlohy,
"Amnesty, Exile, or Asylum.13",0,KyraFox,dsolomon_ushmm,tallandonine,sascha.nanlohy,
"Amnesty, Exile, or Asylum.14",0,KyraFox,dsolomon_ushmm,tallandonine,sascha.nanlohy,
"Amnesty, Exile, or Asylum.15",1,KyraFox,dsolomon_ushmm,tallandonine,sascha.nanlohy,
"Amnesty, Exile, or Asylum.16",0,KyraFox,dsolomon_ushmm,tallandonine,sascha.nanlohy,
"Amnesty, Exile, or Asylum.17",0,KyraFox,dsolomon_ushmm,tallandonine,sascha.nanlohy,
"Amnesty, Exile, or Asylum.18",1,KyraFox,dsolomon_ushmm,tallandonine,sascha.nanlohy,
"Amnesty, Exile, or Asylum.19",0,KyraFox,dsolomon_ushmm,tallandonine,sascha.nanlohy,
"Amnesty, Exile, or Asylum.20",0,KyraFox,dsolomon_ushmm,tallandonine,sascha.nanlohy,
"Amnesty, Exile, or Asylum.21",1,KyraFox,dsolomon_ushmm,tallandonine,sascha.nanlohy,
"Amnesty, Exile, or Asylum.22",1,KyraFox,dsolomon_ushmm,tallandonine,sascha.nanlohy,
"Amnesty, Exile, or Asylum.23",0,KyraFox,dsolomon_ushmm,tallandonine,sascha.nanlohy,
"Amnesty, Exile, or Asylum.24",0,KyraFox,dsolomon_ushmm,tallandonine,sascha.nanlohy,
"Amnesty, Exile, or Asylum.25",1,KyraFox,dsolomon_ushmm,tallandonine,sascha.nanlohy,
"Amnesty, Exile, or Asylum.26",1,KyraFox,dsolomon_ushmm,tallandonine,sascha.nanlohy,
"Amnesty, Exile, or Asylum.27",1,KyraFox,dsolomon_ushmm,tallandonine,sascha.nanlohy,
"Amnesty, Exile, or Asylum.28",1,KyraFox,dsolomon_ushmm,tallandonine,sascha.nanlohy,
"Amnesty, Exile, or Asylum.29",1,KyraFox,dsolomon_ushmm,tallandonine,sascha.nanlohy,
"Amnesty, Exile, or Asylum.30",1,KyraFox,dsolomon_ushmm,tallandonine,sascha.nanlohy,
"Amnesty, Exile, or Asylum.31",1,KyraFox,dsolomon_ushmm,tallandonine,sascha.nanlohy,
"Amnesty, Exile, or Asylum.32",1,KyraFox,dsolomon_ushmm,tallandonine,sascha.nanlohy,
"Amnesty, Exile, or Asylum.33",1,KyraFox,dsolomon_ushmm,tallandonine,sascha.nanlohy,
"Amnesty, Exile, or Asylum.34",1,KyraFox,dsolomon_ushmm,tallandonine,sascha.nanlohy,
"Amnesty, Exile, or Asylum.35",1,KyraFox,dsolomon_ushmm,tallandonine,sascha.nanlohy,
"Amnesty, Exile, or Asylum.36",1,KyraFox,dsolomon_ushmm,tallandonine,sascha.nanlohy,
"Amnesty, Exile, or Asylum.37",1,KyraFox,dsolomon_ushmm,tallandonine,sascha.nanlohy,
"Amnesty, Exile, or Asylum.38",1,KyraFox,dsolomon_ushmm,tallandonine,sascha.nanlohy,
"Amnesty, Exile, or Asylum.39",0,KyraFox,dsolomon_ushmm,tallandonine,sascha.nanlohy,
"Amnesty, Exile, or Asylum.40",1,KyraFox,dsolomon_ushmm,tallandonine,sascha.nanlohy,
"Amnesty, Exile, or Asylum.41",0,KyraFox,dsolomon_ushmm,tallandonine,sascha.nanlohy,
"Amnesty, Exile, or Asylum.42",1,KyraFox,dsolomon_ushmm,tallandonine,sascha.nanlohy,
"Amnesty, Exile, or Asylum.43",1,KyraFox,dsolomon_ushmm,tallandonine,sascha.nanlohy,
"Amnesty, Exile, or Asylum.44",0,KyraFox,dsolomon_ushmm,tallandonine,sascha.nanlohy,
"Amnesty, Exile, or Asylum.45",0,KyraFox,dsolomon_ushmm,tallandonine,sascha.nanlohy,
"Amnesty, Exile, or Asylum.46",1,KyraFox,dsolomon_ushmm,tallandonine,sascha.nanlohy,
"Amnesty, Exile, or Asylum.47",1,KyraFox,dsolomon_ushmm,tallandonine,sascha.nanlohy,
"Amnesty, Exile, or Asylum.48",0,KyraFox,dsolomon_ushmm,tallandonine,sascha.nanlohy,
"Amnesty, Exile, or Asylum.49",1,KyraFox,dsolomon_ushmm,tallandonine,sascha.nanlohy,
"Amnesty, Exile, or Asylum.50",0,KyraFox,dsolomon_ushmm,tallandonine,sascha.nanlohy,
"Amnesty, Exile, or Asylum.51",1,KyraFox,dsolomon_ushmm,tallandonine,sascha.nanlohy,
"Amnesty, Exile, or Asylum.52",1,KyraFox,dsolomon_ushmm,tallandonine,sascha.nanlohy,
"Amnesty, Exile, or Asylum.53",0,KyraFox,dsolomon_ushmm,tallandonine,sascha.nanlohy,
"Amnesty, Exile, or Asylum.54",0,KyraFox,dsolomon_ushmm,tallandonine,sascha.nanlohy,
"Amnesty, Exile, or Asylum.55",0,KyraFox,dsolomon_ushmm,tallandonine,sascha.nanlohy,
"Amnesty, Exile, or Asylum.56",0,KyraFox,dsolomon_ushmm,tallandonine,sascha.nanlohy,
Security Guarantees.01,1,KyraFox,dsolomon_ushmm,tallandonine,sascha.nanlohy,
Security Guarantees.02,1,KyraFox,dsolomon_ushmm,tallandonine,sascha.nanlohy,
Security Guarantees.03,1,KyraFox,dsolomon_ushmm,tallandonine,sascha.nanlohy,
Security Guarantees.04,0,KyraFox,dsolomon_ushmm,tallandonine,sascha.nanlohy,
Security Guarantees.05,1,KyraFox,dsolomon_ushmm,tallandonine,sascha.nanlohy,
Security Guarantees.06,1,KyraFox,dsolomon_ushmm,tallandonine,sascha.nanlohy,
Security Guarantees.07,0,KyraFox,dsolomon_ushmm,tallandonine,sascha.nanlohy,
Security Guarantees.08,0,KyraFox,dsolomon_ushmm,tallandonine,sascha.nanlohy,
Security Guarantees.09,1,KyraFox,dsolomon_ushmm,tallandonine,sascha.nanlohy,
Security Guarantees.10,1,KyraFox,dsolomon_ushmm,tallandonine,sascha.nanlohy,
Security Guarantees.11,1,KyraFox,dsolomon_ushmm,tallandonine,sascha.nanlohy,
Security Guarantees.12,1,KyraFox,dsolomon_ushmm,tallandonine,sascha.nanlohy,
Security Guarantees.13,1,KyraFox,dsolomon_ushmm,tallandonine,sascha.nanlohy,
Security Guarantees.14,1,KyraFox,dsolomon_ushmm,tallandonine,sascha.nanlohy,
Security Guarantees.15,1,KyraFox,dsolomon_ushmm,tallandonine,sascha.nanlohy,
Diplomatic Sanctions.01,0,KyraFox,dsolomon_ushmm,tallandonine,sascha.nanlohy,
Diplomatic Sanctions.02,0,KyraFox,dsolomon_ushmm,tallandonine,sascha.nanlohy,
Diplomatic Sanctions.03,1,KyraFox,dsolomon_ushmm,tallandonine,sascha.nanlohy,
Diplomatic Sanctions.04,1,KyraFox,dsolomon_ushmm,tallandonine,sascha.nanlohy,
Diplomatic Sanctions.05,1,KyraFox,dsolomon_ushmm,tallandonine,sascha.nanlohy,
Diplomatic Sanctions.06,0,KyraFox,dsolomon_ushmm,tallandonine,sascha.nanlohy,
Diplomatic Sanctions.07,1,KyraFox,dsolomon_ushmm,tallandonine,sascha.nanlohy,
Diplomatic Sanctions.08,0,KyraFox,dsolomon_ushmm,tallandonine,sascha.nanlohy,
Diplomatic Sanctions.09,1,KyraFox,dsolomon_ushmm,tallandonine,sascha.nanlohy,
Diplomatic Sanctions.10,1,KyraFox,dsolomon_ushmm,tallandonine,sascha.nanlohy,
Diplomatic Sanctions.11,0,KyraFox,dsolomon_ushmm,tallandonine,sascha.nanlohy,
Diplomatic Sanctions.12,1,KyraFox,dsolomon_ushmm,tallandonine,sascha.nanlohy,
Diplomatic Sanctions.13,1,KyraFox,dsolomon_ushmm,tallandonine,sascha.nanlohy,
Foreign Assistance.01,0,KyraFox,dsolomon_ushmm,tallandonine,sascha.nanlohy,
Foreign Assistance.02,0,KyraFox,dsolomon_ushmm,tallandonine,sascha.nanlohy,
Foreign Assistance.03,0,KyraFox,dsolomon_ushmm,tallandonine,sascha.nanlohy,
Foreign Assistance.04,0,KyraFox,dsolomon_ushmm,tallandonine,sascha.nanlohy,
Foreign Assistance.05,0,KyraFox,dsolomon_ushmm,tallandonine,sascha.nanlohy,
Foreign Assistance.06,1,KyraFox,dsolomon_ushmm,tallandonine,sascha.nanlohy,
Foreign Assistance.07,1,KyraFox,dsolomon_ushmm,tallandonine,sascha.nanlohy,
Foreign Assistance.08,0,KyraFox,dsolomon_ushmm,tallandonine,sascha.nanlohy,
Foreign Assistance.09,0,KyraFox,dsolomon_ushmm,tallandonine,sascha.nanlohy,
Foreign Assistance.10,0,KyraFox,dsolomon_ushmm,tallandonine,sascha.nanlohy,
Foreign Assistance.11,1,KyraFox,dsolomon_ushmm,tallandonine,sascha.nanlohy,
Foreign Assistance.12,0,KyraFox,dsolomon_ushmm,tallandonine,sascha.nanlohy,
Foreign Assistance.13,0,KyraFox,dsolomon_ushmm,tallandonine,sascha.nanlohy,
Foreign Assistance.14,0,KyraFox,dsolomon_ushmm,tallandonine,sascha.nanlohy,
Foreign Assistance.15,0,KyraFox,dsolomon_ushmm,tallandonine,sascha.nanlohy,
Foreign Assistance.16,1,KyraFox,dsolomon_ushmm,tallandonine,sascha.nanlohy,
Foreign Assistance.17,0,KyraFox,dsolomon_ushmm,tallandonine,sascha.nanlohy,
Foreign Assistance.18,0,KyraFox,dsolomon_ushmm,tallandonine,sascha.nanlohy,
Foreign Assistance.19,0,KyraFox,dsolomon_ushmm,tallandonine,sascha.nanlohy,
Foreign Assistance.20,1,KyraFox,dsolomon_ushmm,tallandonine,sascha.nanlohy,
Foreign Assistance.21,1,KyraFox,dsolomon_ushmm,tallandonine,sascha.nanlohy,
Foreign Assistance.22,1,KyraFox,dsolomon_ushmm,tallandonine,sascha.nanlohy,
Foreign Assistance.23,1,KyraFox,dsolomon_ushmm,tallandonine,sascha.nanlohy,
Foreign Assistance.24,1,KyraFox,dsolomon_ushmm,tallandonine,sascha.nanlohy,
Foreign Assistance.25,1,KyraFox,dsolomon_ushmm,tallandonine,sascha.nanlohy,
Foreign Assistance.26,0,KyraFox,dsolomon_ushmm,tallandonine,sascha.nanlohy,
Foreign Assistance.27,0,KyraFox,dsolomon_ushmm,tallandonine,sascha.nanlohy,
Foreign Assistance.28,0,KyraFox,dsolomon_ushmm,tallandonine,sascha.nanlohy,
Foreign Assistance.29,0,KyraFox,dsolomon_ushmm,tallandonine,sascha.nanlohy,
Foreign Assistance.30,1,KyraFox,dsolomon_ushmm,tallandonine,sascha.nanlohy,
Foreign Assistance.31,0,KyraFox,dsolomon_ushmm,tallandonine,sascha.nanlohy,
Foreign Assistance.32,1,KyraFox,dsolomon_ushmm,tallandonine,sascha.nanlohy,
Foreign Assistance.33,1,KyraFox,dsolomon_ushmm,tallandonine,sascha.nanlohy,
Foreign Assistance.34,1,KyraFox,dsolomon_ushmm,tallandonine,sascha.nanlohy,
Foreign Assistance.35,1,KyraFox,dsolomon_ushmm,tallandonine,sascha.nanlohy,
Foreign Assistance.36,1,KyraFox,dsolomon_ushmm,tallandonine,sascha.nanlohy,
Foreign Assistance.37,0,KyraFox,dsolomon_ushmm,tallandonine,sascha.nanlohy,
Foreign Assistance.38,0,KyraFox,dsolomon_ushmm,tallandonine,sascha.nanlohy,
Foreign Assistance.39,0,KyraFox,dsolomon_ushmm,tallandonine,sascha.nanlohy,
Foreign Assistance.40,1,KyraFox,dsolomon_ushmm,tallandonine,sascha.nanlohy,
Foreign Assistance.41,1,KyraFox,dsolomon_ushmm,tallandonine,sascha.nanlohy,
Foreign Assistance.42,0,KyraFox,dsolomon_ushmm,tallandonine,sascha.nanlohy,
Foreign Assistance.43,0,KyraFox,dsolomon_ushmm,tallandonine,sascha.nanlohy,
Foreign Assistance.44,0,KyraFox,dsolomon_ushmm,tallandonine,sascha.nanlohy,
Foreign Assistance.45,0,KyraFox,dsolomon_ushmm,tallandonine,sascha.nanlohy,
Foreign Assistance.46,0,KyraFox,dsolomon_ushmm,tallandonine,sascha.nanlohy,
Foreign Assistance.47,0,KyraFox,dsolomon_ushmm,tallandonine,sascha.nanlohy,
Foreign Assistance.48,0,KyraFox,dsolomon_ushmm,tallandonine,sascha.nanlohy,
Foreign Assistance.49,1,KyraFox,dsolomon_ushmm,tallandonine,sascha.nanlohy,
Foreign Assistance.50,0,KyraFox,dsolomon_ushmm,tallandonine,sascha.nanlohy,
Foreign Assistance.51,0,KyraFox,dsolomon_ushmm,tallandonine,sascha.nanlohy,
Foreign Assistance.52,1,KyraFox,dsolomon_ushmm,tallandonine,sascha.nanlohy,
Foreign Assistance.53,1,KyraFox,dsolomon_ushmm,tallandonine,sascha.nanlohy,
Foreign Assistance.54,1,KyraFox,dsolomon_ushmm,tallandonine,sascha.nanlohy,
Foreign Assistance.55,1,KyraFox,dsolomon_ushmm,tallandonine,sascha.nanlohy,
Foreign Assistance.56,0,KyraFox,dsolomon_ushmm,tallandonine,sascha.nanlohy,
Foreign Assistance.57,0,KyraFox,dsolomon_ushmm,tallandonine,sascha.nanlohy,
Foreign Assistance.58,1,KyraFox,dsolomon_ushmm,tallandonine,sascha.nanlohy,
Foreign Assistance.59,1,KyraFox,dsolomon_ushmm,tallandonine,sascha.nanlohy,
Foreign Assistance.60,1,KyraFox,dsolomon_ushmm,tallandonine,sascha.nanlohy,
Foreign Assistance.61,1,KyraFox,dsolomon_ushmm,tallandonine,sascha.nanlohy,
Foreign Assistance.62,0,KyraFox,dsolomon_ushmm,tallandonine,sascha.nanlohy,
Foreign Assistance.63,1,KyraFox,dsolomon_ushmm,tallandonine,sascha.nanlohy,
Foreign Assistance.64,0,KyraFox,dsolomon_ushmm,tallandonine,sascha.nanlohy,
Foreign Assistance.65,0,KyraFox,dsolomon_ushmm,tallandonine,sascha.nanlohy,
Foreign Assistance.66,1,KyraFox,dsolomon_ushmm,tallandonine,sascha.nanlohy,
Foreign Assistance.67,0,KyraFox,dsolomon_ushmm,tallandonine,sascha.nanlohy,
Foreign Assistance.68,1,KyraFox,dsolomon_ushmm,tallandonine,sascha.nanlohy,
Foreign Assistance.69,1,KyraFox,dsolomon_ushmm,tallandonine,sascha.nanlohy,
Foreign Assistance.70,1,KyraFox,dsolomon_ushmm,tallandonine,sascha.nanlohy,
Foreign Assistance.71,0,KyraFox,dsolomon_ushmm,tallandonine,sascha.nanlohy,
Foreign Assistance.72,0,KyraFox,dsolomon_ushmm,tallandonine,sascha.nanlohy,
Foreign Assistance.73,1,KyraFox,dsolomon_ushmm,tallandonine,sascha.nanlohy,
Security Assistance.01,0,KyraFox,dsolomon_ushmm,tallandonine,sascha.nanlohy,
Security Assistance.02,0,KyraFox,dsolomon_ushmm,tallandonine,sascha.nanlohy,
Security Assistance.03,0,KyraFox,dsolomon_ushmm,tallandonine,sascha.nanlohy,
Security Assistance.04,0,KyraFox,dsolomon_ushmm,tallandonine,sascha.nanlohy,
Security Assistance.05,0,KyraFox,dsolomon_ushmm,tallandonine,sascha.nanlohy,
Security Assistance.06,1,KyraFox,dsolomon_ushmm,tallandonine,sascha.nanlohy,
Security Assistance.07,0,KyraFox,dsolomon_ushmm,tallandonine,sascha.nanlohy,
Security Assistance.08,0,KyraFox,dsolomon_ushmm,tallandonine,sascha.nanlohy,
Security Assistance.09,1,KyraFox,dsolomon_ushmm,tallandonine,sascha.nanlohy,
Security Assistance.10,1,KyraFox,dsolomon_ushmm,tallandonine,sascha.nanlohy,
Security Assistance.11,0,KyraFox,dsolomon_ushmm,tallandonine,sascha.nanlohy,
Security Assistance.12,0,KyraFox,dsolomon_ushmm,tallandonine,sascha.nanlohy,
Security Assistance.13,0,KyraFox,dsolomon_ushmm,tallandonine,sascha.nanlohy,
Security Assistance.14,1,KyraFox,dsolomon_ushmm,tallandonine,sascha.nanlohy,
Security Assistance.15,1,KyraFox,dsolomon_ushmm,tallandonine,sascha.nanlohy,
Security Assistance.16,1,KyraFox,dsolomon_ushmm,tallandonine,sascha.nanlohy,
Security Assistance.17,1,KyraFox,dsolomon_ushmm,tallandonine,sascha.nanlohy,
Security Assistance.18,0,KyraFox,dsolomon_ushmm,tallandonine,sascha.nanlohy,
Security Assistance.19,0,KyraFox,dsolomon_ushmm,tallandonine,sascha.nanlohy,
Security Assistance.20,1,KyraFox,dsolomon_ushmm,tallandonine,sascha.nanlohy,
Security Assistance.21,0,KyraFox,dsolomon_ushmm,tallandonine,sascha.nanlohy,
Security Assistance.22,1,KyraFox,dsolomon_ushmm,tallandonine,sascha.nanlohy,
Security Assistance.23,1,KyraFox,dsolomon_ushmm,tallandonine,sascha.nanlohy,
Security Assistance.24,1,KyraFox,dsolomon_ushmm,tallandonine,sascha.nanlohy,
Security Assistance.25,0,KyraFox,dsolomon_ushmm,tallandonine,sascha.nanlohy,
Security Assistance.26,1,KyraFox,dsolomon_ushmm,KyraFox,tallandonine,
Security Assistance.27,1,KyraFox,dsolomon_ushmm,tallandonine,sascha.nanlohy,
Security Assistance.28,1,KyraFox,dsolomon_ushmm,tallandonine,sascha.nanlohy,
Security Assistance.29,1,KyraFox,dsolomon_ushmm,tallandonine,sascha.nanlohy,
Security Assistance.30,1,KyraFox,dsolomon_ushmm,tallandonine,sascha.nanlohy,
Security Assistance.31,0,KyraFox,dsolomon_ushmm,tallandonine,sascha.nanlohy,
Security Assistance.32,1,KyraFox,dsolomon_ushmm,tallandonine,sascha.nanlohy,
Security Assistance.33,0,KyraFox,dsolomon_ushmm,tallandonine,sascha.nanlohy,
Security Assistance.34,0,KyraFox,dsolomon_ushmm,tallandonine,sascha.nanlohy,
Security Assistance.35,0,KyraFox,dsolomon_ushmm,tallandonine,sascha.nanlohy,
Security Assistance.36,1,KyraFox,dsolomon_ushmm,tallandonine,sascha.nanlohy,
Security Assistance.37,1,KyraFox,dsolomon_ushmm,tallandonine,sascha.nanlohy,
Security Assistance.38,0,KyraFox,dsolomon_ushmm,tallandonine,sascha.nanlohy,
Security Assistance.39,0,KyraFox,dsolomon_ushmm,tallandonine,sascha.nanlohy,
Security Assistance.40,1,KyraFox,dsolomon_ushmm,tallandonine,sascha.nanlohy,
